language,domain,dataset,global_ratio,local_ratio,sampled_tokens,total_tokens
ar,sft,Filtered-Ara-Translated-Ultra-Chat,16.6076,55.3586,"498,227,009,401","1,374,675,807.0"
ar,sft,dpv-trans-Airoboros,0.0539,0.1797,"1,617,299,357","4,462,348.0"
ar,sft,dpv-trans-Alpaca,0.0452,0.1507,"1,356,404,590","3,742,504.0"
ar,sft,dpv-trans-Baize-Chat-Data,0.5138,1.7126,"15,413,831,858","42,528,850.0"
ar,sft,dpv-trans-Book-Summaries,0.1826,0.6088,"5,479,495,022","15,118,669.0"
ar,sft,dpv-trans-Camel-AI-Science,0.3801,1.2668,"11,401,554,761","31,458,434.0"
ar,sft,dpv-trans-Dolly-15k,0.0307,0.1024,"921,995,327","2,543,910.0"
ar,sft,dpv-trans-Flan-Collection-Chain-of-Thought,0.6174,2.058,"18,522,115,643","51,105,026.0"
ar,sft,dpv-trans-Flan-Collection-Dialog,2.8315,9.4385,"84,946,284,334","234,378,305.0"
ar,sft,dpv-trans-GPT-4-Alpaca,0.0889,0.2963,"2,666,791,506","7,358,039.0"
ar,sft,dpv-trans-GPTeacher,0.1451,0.4837,"4,353,478,540","12,011,837.0"
ar,sft,dpv-trans-HC3-English,0.0536,0.1785,"1,606,543,089","4,432,670.0"
ar,sft,dpv-trans-Joke-Explanation,0.0007,0.0023,"20,376,310","56,221.0"
ar,sft,dpv-trans-Longform,0.1379,0.4596,"4,136,361,980","11,412,783.0"
ar,sft,dpv-trans-NomicAI-GPT4AllJ,4.2933,14.3109,"128,798,141,885","355,371,520.0"
ar,sft,dpv-trans-OIG,0.0161,0.0537,"483,028,477","1,332,741.0"
ar,sft,dpv-trans-Open-Assistant,0.0949,0.3164,"2,847,652,869","7,857,060.0"
ar,sft,dpv-trans-OpenAI-Summarize-from-Feedback,0.3125,1.0418,"9,376,358,793","25,870,644.0"
ar,sft,dpv-trans-OpenAI-WebGPT,0.0115,0.0383,"345,068,959","952,092.0"
ar,sft,dpv-trans-Self-Instruct,0.0552,0.1839,"1,655,180,788","4,566,868.0"
ar,sft,dpv-trans-ShareGPT-Vicuna,1.8021,6.0071,"54,064,314,113","149,170,766.0"
ar,sft,dpv-trans-Tiny-Stories,0.0707,0.2357,"2,121,683,075","5,854,011.0"
ar,sft,dpv-trans-Unnatural-Instructions,0.0731,0.2435,"2,191,886,949","6,047,713.0"
ar,sft,dpv-trans-WizardLM-Evol-Instruct,0.2543,0.8476,"7,628,011,140","21,046,716.0"
ar,sft,dpv-trans-WizardLM-Evol-Instruct-V2,0.6471,2.1569,"19,411,821,871","53,559,846.0"
ar,sft,dpv-trans-openhermes,0.6185,2.0616,"18,554,819,003","51,195,259.0"
ar,books,books--Bahith-batch-may1624,0.0,0.0,0,0
ar,books,books--Bahith,0.0,0.0,0,0
ar,books,books--Books-Libaray,0.0,0.0,0,0
ar,books,books--Darah-2,0.0,0.0,0,0
ar,books,books--Darah-Scanner-books,0.0,0.0,0,0
ar,books,books--Darah-books,0.0,0.0,0,0
ar,books,books--DrRabeea,0.0,0.0,0,0
ar,books,books--MinhajLibrary,0.0,0.0,0,0
ar,books,books--SDAIA-Batch-9,0.0,0.0,0,0
ar,books,books--abbjad,0.0,0.0,0,0
ar,books,books--amer-books,0.0,0.0,0,0
ar,books,books--arab-books-com,0.0,0.0,0,0
ar,books,books--asr-sample-20240720,0.0,0.0,0,0
ar,books,books--bahith,0.0,0.0,0,0
ar,books,books--bog,0.0,0.0,0,0
ar,books,books--book-scanning-oct13-27,0.0,0.0,0,0
ar,books,books--book-scanning-sep24,0.0,0.0,0,0
ar,books,books--book-scanning-sep28,0.0,0.0,0,0
ar,books,books--book-scanning,0.0,0.0,0,0
ar,books,books--darah-history-books-batch-2,0.0,0.0,0,0
ar,books,books--datatreat,0.0,0.0,0,0
ar,books,books--deem-docs,0.0,0.0,0,0
ar,books,books--deem,0.0,0.0,0,0
ar,books,books--diwan-123,0.0,0.0,0,0
ar,books,books--gcambooks,0.0,0.0,0,0
ar,books,books--gcamdata,0.0,0.0,0,0
ar,books,books--golden-shamela-v2,0.0,0.0,0,0
ar,books,books--gov-batch-jul24-doc,0.0,0.0,0,0
ar,books,books--gov-content-batch-jul24,0.0,0.0,0,0
ar,books,books--gov-guides,0.0,0.0,0,0
ar,books,books--hindawi,0.0,0.0,0,0
ar,books,books--ibook,0.0,0.0,0,0
ar,books,books--imamu,0.0,0.0,0,0
ar,books,books--jadawel,0.0,0.0,0,0
ar,books,books--ketab-n,0.0,0.0,0,0
ar,books,books--ketabonline,0.0,0.0,0,0
ar,books,books--ketabpedia,0.0,0.0,0,0
ar,books,books--kotobati,0.0,0.0,0,0
ar,books,books--ksaa-sep24,0.0,0.0,0,0
ar,books,books--ksaa,0.0,0.0,0,0
ar,books,books--ksu,0.0,0.0,0,0
ar,books,books--mbr-books,0.0,0.0,0,0
ar,books,books--nan,0.0,0.0,0,0
ar,books,books--noor-batch3,0.0,0.0,0,0
ar,books,books--noor-book-24-sep,0.0,0.0,0,0
ar,books,books--noor-books-27-aug-docs,0.0,0.0,0,0
ar,books,books--noor-books-27-aug,0.0,0.0,0,0
ar,books,books--noor-books-batch-2-docs,0.0,0.0,0,0
ar,books,books--noor-books-pdf2,0.0,0.0,0,0
ar,books,books--noor-books-pdfs,0.0,0.0,0,0
ar,books,books--noor-books,0.0,0.0,0,0
ar,books,books--nyu-books,0.0,0.0,0,0
ar,books,books--priority-books-apr2024,0.0,0.0,0,0
ar,books,books--priority-books-jan2024,0.0,0.0,0,0
ar,books,books--priority-books-mar2024,0.0,0.0,0,0
ar,books,books--priority-books-mar24kfpnl,0.0,0.0,0,0
ar,books,books--priority-books-may2024-2,0.0,0.0,0,0
ar,books,books--priority-books-may2024,0.0,0.0,0,0
ar,books,books--psau,0.0,0.0,0,0
ar,books,books--quran,0.0,0.0,0,0
ar,books,books--roots-ar-openiti-proc-old,0.0,0.0,0,0
ar,books,books--roots-ar-openiti-proc,0.0,0.0,0,0
ar,books,books--roots-ar-tashkeela,0.0,0.0,0,0
ar,books,books--roots-ar-wikibooks,0.0,0.0,0,0
ar,books,books--scanning-books-6-oct,0.0,0.0,0,0
ar,books,books--sdaia-scraped-pdfs-batch-2,0.0,0.0,0,0
ar,books,books--sdaia-scraped-pdfs-batch-3,0.0,0.0,0,0
ar,books,books--sdaia-scraped-pdfs-batch-4,0.0,0.0,0,0
ar,books,books--sdaia-scraped-pdfs-batch-5,0.0,0.0,0,0
ar,books,books--sdaia-scraped-pdfs-batch-6,0.0,0.0,0,0
ar,books,books--sdaia-scraped-pdfs-batch-9,0.0,0.0,0,0
ar,books,books--semanoor.books,0.0,0.0,0,0
ar,books,books--shamela,0.0,0.0,0,0
ar,books,books--telegram-batch02,0.0,0.0,0,0
ar,books,books--telegram-batch03,0.0,0.0,0,0
ar,books,books--telegram-batch04,0.0,0.0,0,0
ar,books,books--telegram-batch05,0.0,0.0,0,0
ar,books,books--telegram-batch06,0.0,0.0,0,0
ar,books,books--telegram-batch07,0.0,0.0,0,0
ar,books,books--telegram-p01,0.0,0.0,0,0
ar,books,books--جامعة الملك سعود,0.0075,0.0251,"225,983,830","779,400"
ar,encyclopedias,encyclopedias--Encyclopedia of Islam,0.0,0.0,0,0
ar,encyclopedias,encyclopedias--SaudiPedia - Arabic,0.0,0.0,0,0
ar,encyclopedias,encyclopedias--kaahe,0.0,0.0,0,0
ar,encyclopedias,encyclopedias--marefa,0.0,0.0,0,0
ar,encyclopedias,encyclopedias--mayo-clinic-arabic,0.0,0.0,0,0
ar,encyclopedias,encyclopedias--saudipedia,0.0,0.0,0,0
ar,encyclopedias,encyclopedias--sdaia-scraped-encyclopedias-batch-1,0.0,0.0,0,0
ar,encyclopedias,encyclopedias--sdaia-scraped-encyclopedias-batch-3,0.0,0.0,0,0
ar,encyclopedias,encyclopedias--sdaia-scraped-encyclopedias-batch-4,0.0,0.0,0,0
ar,encyclopedias,encyclopedias--sdaia-scraped-encyclopedias-batch-9,0.0,0.0,0,0
ar,encyclopedias,encyclopedias--webteb,0.0,0.0,0,0
ar,encyclopedias,encyclopedias--wiki-20240420,0.0,0.0,0,0
ar,local,local--Gov-content-batch-jan24,0.0,0.0,0,0
ar,local,local--apd,0.0,0.0,0,0
ar,local,local--capital-market-authority-pdfs,0.0,0.0,0,0
ar,local,local--correction-and-rehabilitation-center,0.0,0.0,0,0
ar,local,local--darah,0.0,0.0,0,0
ar,local,local--ecza,0.0,0.0,0,0
ar,local,local--gov-content-batch-jul24,0.0,0.0,0,0
ar,local,local--hrdf,0.0,0.0,0,0
ar,local,local--hrsd,0.0,0.0,0,0
ar,local,local--ids,0.0,0.0,0,0
ar,local,local--kapl,0.0,0.0,0,0
ar,local,local--kapsarc,0.0,0.0,0,0
ar,local,local--ksaa,0.0,0.0,0,0
ar,local,local--moi,0.0,0.0,0,0
ar,local,local--moj,0.0,0.0,0,0
ar,local,local--mot,0.0,0.0,0,0
ar,local,local--mygovsa,0.0,0.0,0,0
ar,local,local--ncar2,0.0,0.0,0,0
ar,local,local--ncar3,0.0,0.0,0,0
ar,local,local--ncar4,0.0,0.0,0,0
ar,local,local--ncar,0.0,0.0,0,0
ar,local,local--pss-ar-twitter,0.0,0.0,0,0
ar,local,local--safiu,0.0,0.0,0,0
ar,local,local--sfda,0.0,0.0,0,0
ar,local,local--sgs,0.0,0.0,0,0
ar,local,local--shc,0.0,0.0,0,0
ar,local,local--uhb,0.0,0.0,0,0
ar,local,local--umm-alqura,0.0,0.0,0,0
ar,local,local--zatca,0.0,0.0,0,0
ar,local,local--اتحاد الغرف السعودية,0.0016,0.0054,"48,848,344","168,474"
ar,local,local--المؤسسة العامة للتدريب التقني والمهني,0.0014,0.0045,"40,718,841","140,436"
ar,local,local--الهيئة الوطنية للأمن السيبراني,0.0021,0.0071,"64,094,279","221,056"
ar,local,local--الهيئة العامة للأمن الغذائي,0.0002,0.0008,"7,020,749","24,214"
ar,local,local--الهيئة العامة للغذاء والدواء,0.0001,0.0002,"2,049,337","7,068"
ar,local,local--هيئة الرقابة النووية والاشعاعية,0.0001,0.0003,"2,646,626","9,128"
ar,local,local--هيئة الهلال الأحمر السعودي,0.0027,0.0089,"80,492,459","277,612"
ar,local,local--وزارة البيئة والمياه والزراعة,0.0005,0.0018,"16,413,257","56,608"
ar,local,local--وزارة الطاقة,0.0,0.0,0,0
ar,local,local--وزارة المالية,0.0,0.0,0,0
ar,news,news--Al Watan,0.0,0.0,0,0
ar,news,news--AlArabia,0.0,0.0,0,0
ar,news,news--AlMadina,0.0,0.0,0,0
ar,news,news--AlWatan,0.0,0.0,0,0
ar,news,news--Aloula,0.0,0.0,0,0
ar,news,news--Makkah,0.0,0.0,0,0
ar,news,news--Robb report Web,0.0,0.0,0,0
ar,news,news--SBC,0.0,0.0,0,0
ar,news,news--SaudiBroadcastingAuthority (SBA),0.0,0.0,0,0
ar,news,news--Sayidatyweb,0.0,0.0,0,0
ar,news,news--aawsatweb,0.0,0.0,0,0
ar,news,news--abu-elkhair,0.0,0.0,0,0
ar,news,news--ajdir,0.0,0.0,0,0
ar,news,news--aljazera-newspaper,0.0,0.0,0,0
ar,news,news--almadina-newspaper-archive,0.0,0.0,0,0
ar,news,news--alriyadh-newspaper,0.0,0.0,0,0
ar,news,news--alwatan-newspaper-archives,0.0,0.0,0,0
ar,news,news--alwatan-newspaper,0.0,0.0,0,0
ar,news,news--alyoum-newspaper,0.0,0.0,0,0
ar,news,news--amina,0.0,0.0,0,0
ar,news,news--apptek-newspaper-scraping,0.0,0.0,0,0
ar,news,news--aranpcc,0.0,0.0,0,0
ar,news,news--eqtisadiyahnp,0.0,0.0,0,0
ar,news,news--gigaword-5th-arabic,0.0,0.0,0,0
ar,news,news--hiaweb,0.0,0.0,0,0
ar,news,news--independentarabiyahweb,0.0,0.0,0,0
ar,news,news--independenturduweb,0.0,0.0,0,0
ar,news,news--iwan-anad,0.0,0.0,0,0
ar,news,news--makkah-newspaper-archives,0.0,0.0,0,0
ar,news,news--makkah-newspaper,0.0,0.0,0,0
ar,news,news--metadialog-news,0.0,0.0,0,0
ar,news,news--mnad,0.0,0.0,0,0
ar,news,news--newspaper-scraping,0.0,0.0,0,0
ar,news,news--newstent,0.0,0.0,0,0
ar,news,news--roots-ar-sanad,0.0,0.0,0,0
ar,news,news--roots-ar-wikinews,0.0,0.0,0,0
ar,news,news--sdaia-scraped-news-batch-8,0.0,0.0,0,0
ar,news,news--spa-news-20y,0.0,0.0,0,0
ar,news,news--ummalquranp,0.0,0.0,0,0
ar,others,others--almojam-org,0.0,0.0,0,0
ar,others,others--alpheratzmag,0.0,0.0,0,0
ar,others,others--artravelers,0.0,0.0,0,0
ar,others,others--brad,0.0,0.0,0,0
ar,others,others--deem-docs,0.0,0.0,0,0
ar,others,others--deem,0.0,0.0,0,0
ar,others,others--forums-from-hdd,0.0,0.0,0,0
ar,others,others--gov-guides,0.0,0.0,0,0
ar,others,others--hekma,0.0,0.0,0,0
ar,others,others--ketabpedia,0.0,0.0,0,0
ar,others,others--mawdoo3,0.0,0.0,0,0
ar,others,others--noor-books-27-aug-docs,0.0,0.0,0,0
ar,others,others--noor-books-batch-2-docs,0.0,0.0,0,0
ar,others,others--noor-books-pdf2,0.0,0.0,0,0
ar,others,others--noor-books-pdfs,0.0,0.0,0,0
ar,others,others--ocr-eval,0.0,0.0,0,0
ar,others,others--rasael-alarabiya,0.0,0.0,0,0
ar,others,others--roots-ar-labr,0.0,0.0,0,0
ar,others,others--roots-ar-uncorpus,0.0,0.0,0,0
ar,others,others--roots-ar-wikiquote,0.0,0.0,0,0
ar,others,others--roots-ar-wikisource,0.0,0.0,0,0
ar,others,others--roots-ar-wikiversity,0.0,0.0,0,0
ar,others,others--roots-ar-wiktionary,0.0,0.0,0,0
ar,others,others--sdaia-scraped-books-batch-1,0.0,0.0,0,0
ar,others,others--sdaia-scraped-books-batch-2,0.0,0.0,0,0
ar,others,others--sdaia-scraped-others-batch-10,0.0,0.0,0,0
ar,others,others--sdaia-scraped-others-batch-11,0.0,0.0,0,0
ar,others,others--sdaia-scraped-others-batch-12,0.0,0.0,0,0
ar,others,others--sdaia-scraped-others-batch-1,0.0,0.0,0,0
ar,others,others--sdaia-scraped-others-batch-2,0.0,0.0,0,0
ar,others,others--sdaia-scraped-others-batch-3,0.0,0.0,0,0
ar,others,others--sdaia-scraped-others-batch-4,0.0,0.0,0,0
ar,others,others--sdaia-scraped-others-batch-5,0.0,0.0,0,0
ar,others,others--sdaia-scraped-others-batch-6,0.0,0.0,0,0
ar,others,others--sdaia-scraped-others-batch-7,0.0,0.0,0,0
ar,others,others--sdaia-scraped-others-batch-8,0.0,0.0,0,0
ar,others,others--sdaia-scraped-others-batch-9,0.0,0.0,0,0
ar,others,others--sdaia-scraped-pdfs-batch-2,0.0,0.0,0,0
ar,others,others--sdaia-scraped-pdfs-batch-5,0.0,0.0,0,0
ar,others,others--semanoor.books,0.0,0.0,0,0
ar,others,others--startimes,0.0,0.0,0,0
ar,others,others--telegram-batch03,0.0,0.0,0,0
ar,others,others--uqu-poetry-encyclopedia,0.0,0.0,0,0
ar,scientific,scientific--Bahith,0.0,0.0,0,0
ar,scientific,scientific--DrRabeea,0.0,0.0,0,0
ar,scientific,scientific--Gov-content-batch-jan24,0.0,0.0,0,0
ar,scientific,scientific--PDF-Batch-11,0.0,0.0,0,0
ar,scientific,scientific--SDAIA-Batch-10,0.0,0.0,0,0
ar,scientific,scientific--SDAIA-Batch-7,0.0,0.0,0,0
ar,scientific,scientific--SDAIA-Batch-8,0.0,0.0,0,0
ar,scientific,scientific--SDAIA-Batch-9,0.0,0.0,0,0
ar,scientific,scientific--bahith,0.0,0.0,0,0
ar,scientific,scientific--datatreat,0.0,0.0,0,0
ar,scientific,scientific--deem,0.0,0.0,0,0
ar,scientific,scientific--fa,0.0,0.0,0,0
ar,scientific,scientific--gov-batch-jul24-doc,0.0,0.0,0,0
ar,scientific,scientific--gov-content-batch-jul24,0.0,0.0,0,0
ar,scientific,scientific--gph,0.0,0.0,0,0
ar,scientific,scientific--imamu,0.0,0.0,0,0
ar,scientific,scientific--iu,0.0,0.0,0,0
ar,scientific,scientific--ju,0.0,0.0,0,0
ar,scientific,scientific--kapsarc,0.0,0.0,0,0
ar,scientific,scientific--kfnl,0.0,0.0,0,0
ar,scientific,scientific--ksaa,0.0,0.0,0,0
ar,scientific,scientific--ksu,0.0,0.0,0,0
ar,scientific,scientific--mohamedrabeea,0.0,0.0,0,0
ar,scientific,scientific--mohe-gov-sy,0.0,0.0,0,0
ar,scientific,scientific--noor-books,0.0,0.0,0,0
ar,scientific,scientific--pnu,0.0,0.0,0,0
ar,scientific,scientific--psau,0.0,0.0,0,0
ar,scientific,scientific--qu,0.0,0.0,0,0
ar,scientific,scientific--rasael-alarabiya,0.0,0.0,0,0
ar,scientific,scientific--scientific-american-arabic,0.0,0.0,0,0
ar,scientific,scientific--sdaia-scraped-books-batch-5,0.0,0.0,0,0
ar,scientific,scientific--sdaia-scraped-pdfs-batch-1,0.0,0.0,0,0
ar,scientific,scientific--sdaia-scraped-pdfs-batch-2,0.0,0.0,0,0
ar,scientific,scientific--sdaia-scraped-pdfs-batch-3,0.0,0.0,0,0
ar,scientific,scientific--sdaia-scraped-pdfs-batch-4,0.0,0.0,0,0
ar,scientific,scientific--sdaia-scraped-pdfs-batch-5,0.0,0.0,0,0
ar,scientific,scientific--sdaia-scraped-pdfs-batch-6,0.0,0.0,0,0
ar,scientific,scientific--sdaia,0.0,0.0,0,0
ar,scientific,scientific--telegram-batch07,0.0,0.0,0,0
ar,scientific,scientific--tu,0.0,0.0,0,0
ar,scientific,scientific--uhb,0.0,0.0,0,0
ar,scientific,scientific--جامعة الملك سعود,0.0366,0.122,"1,098,184,937","3,030,041.0"
ar,scientific,scientific--وزارة الحرس الوطني,0.0089,0.0296,"266,037,681","734,034.0"
ar,transcribed,transcribed--AudioKetab,0.0,0.0,0,0
ar,transcribed,transcribed--akhdar,0.0,0.0,0,0
ar,transcribed,transcribed--alarwi-App,0.0,0.0,0,0
ar,transcribed,transcribed--fanajeen-App,0.0,0.0,0,0
ar,transcribed,transcribed--habibi,0.0,0.0,0,0
ar,transcribed,transcribed--mgb2,0.0,0.0,0,0
ar,transcribed,transcribed--opensubtitles,0.0,0.0,0,0
ar,transcribed,transcribed--roots-ar-ted-talks-iwslt,0.0,0.0,0,0
ar,transcribed,transcribed--wajeez,0.0,0.0,0,0
ar,translated,translated--En-wikipedia-split-translated,0.0,0.0,0,0
ar,translated,translated--PubMed-Abstracts,0.0,0.0,0,0
ar,translated,translated--en2ar-Pile-FreeLaw,0.0,0.0,0,0
ar,translated,translated--en2ar-books-corpus-formatted,0.0,0.0,0,0
ar,translated,translated--en2ar-c4,0.0,0.0,0,0
ar,translated,translated--en2ar-peS2o,0.0,0.0,0,0
ar,translated,translated--finewebedu-10bt,0.0,0.0,0,0
ar,translated,translated--translated-wiki,0.0,0.0,0,0
ar,web,restructured-web--ClusterlabAi-101B--Accounting,0.0,0.0,0,0
ar,web,restructured-web--ClusterlabAi-101B--Arabic Language,0.0,0.0,0,0
ar,web,restructured-web--ClusterlabAi-101B--Biology,0.0,0.0,0,0
ar,web,restructured-web--ClusterlabAi-101B--Chemistry,0.0,0.0,0,0
ar,web,restructured-web--ClusterlabAi-101B--Computer Science,0.0,0.0,0,0
ar,web,restructured-web--ClusterlabAi-101B--Economy,0.0,0.0,0,0
ar,web,restructured-web--ClusterlabAi-101B--Education,0.0,0.0,0,0
ar,web,restructured-web--ClusterlabAi-101B--Engineering,0.0,0.0,0,0
ar,web,restructured-web--ClusterlabAi-101B--Ethics,0.0,0.0,0,0
ar,web,restructured-web--ClusterlabAi-101B--Finance,0.0,0.0,0,0
ar,web,restructured-web--ClusterlabAi-101B--Geology,0.0,0.0,0,0
ar,web,restructured-web--ClusterlabAi-101B--HR,0.0,0.0,0,0
ar,web,restructured-web--ClusterlabAi-101B--Health and Medicine,0.0,0.0,0,0
ar,web,restructured-web--ClusterlabAi-101B--History,0.0,0.0,0,0
ar,web,restructured-web--ClusterlabAi-101B--Law,0.0,0.0,0,0
ar,web,restructured-web--ClusterlabAi-101B--Literature,0.0,0.0,0,0
ar,web,restructured-web--ClusterlabAi-101B--Management,0.0,0.0,0,0
ar,web,restructured-web--ClusterlabAi-101B--Marketing,0.0,0.0,0,0
ar,web,restructured-web--ClusterlabAi-101B--Mathematics,0.0,0.0,0,0
ar,web,restructured-web--ClusterlabAi-101B--Other,0.0,0.0,0,0
ar,web,restructured-web--ClusterlabAi-101B--Philosophy,0.0,0.0,0,0
ar,web,restructured-web--ClusterlabAi-101B--Physics,0.0,0.0,0,0
ar,web,restructured-web--ClusterlabAi-101B--Poetry,0.0,0.0,0,0
ar,web,restructured-web--ClusterlabAi-101B--Politics,0.0,0.0,0,0
ar,web,restructured-web--ClusterlabAi-101B--Psychology,0.0,0.0,0,0
ar,web,restructured-web--ClusterlabAi-101B--Religion,0.0,0.0,0,0
ar,web,restructured-web--ClusterlabAi-101B--Self Development,0.0,0.0,0,0
ar,web,restructured-web--ClusterlabAi-101B--Sociology,0.0,0.0,0,0
ar,web,restructured-web--ClusterlabAi-101B--Sports,0.0,0.0,0,0
ar,web,restructured-web--ClusterlabAi-101B--Tourism,0.0,0.0,0,0
ar,web,restructured-web--ClusterlabAi-101B--Travel,0.0,0.0,0,0
ar,web,restructured-web--CulturaX-ar--Accounting,0.0,0.0,0,0
ar,web,restructured-web--CulturaX-ar--Arabic Language,0.0,0.0,0,0
ar,web,restructured-web--CulturaX-ar--Biology,0.0,0.0,0,0
ar,web,restructured-web--CulturaX-ar--Chemistry,0.0,0.0,0,0
ar,web,restructured-web--CulturaX-ar--Computer Science,0.0,0.0,0,0
ar,web,restructured-web--CulturaX-ar--Economy,0.0,0.0,0,0
ar,web,restructured-web--CulturaX-ar--Education,0.0,0.0,0,0
ar,web,restructured-web--CulturaX-ar--Engineering,0.0,0.0,0,0
ar,web,restructured-web--CulturaX-ar--Ethics,0.0,0.0,0,0
ar,web,restructured-web--CulturaX-ar--Finance,0.0,0.0,0,0
ar,web,restructured-web--CulturaX-ar--Geology,0.0,0.0,0,0
ar,web,restructured-web--CulturaX-ar--HR,0.0,0.0,0,0
ar,web,restructured-web--CulturaX-ar--Health and Medicine,0.0,0.0,0,0
ar,web,restructured-web--CulturaX-ar--History,0.0,0.0,0,0
ar,web,restructured-web--CulturaX-ar--Law,0.0,0.0,0,0
ar,web,restructured-web--CulturaX-ar--Literature,0.0,0.0,0,0
ar,web,restructured-web--CulturaX-ar--Management,0.0,0.0,0,0
ar,web,restructured-web--CulturaX-ar--Marketing,0.0,0.0,0,0
ar,web,restructured-web--CulturaX-ar--Mathematics,0.0,0.0,0,0
ar,web,restructured-web--CulturaX-ar--Other,0.0,0.0,0,0
ar,web,restructured-web--CulturaX-ar--Philosophy,0.0,0.0,0,0
ar,web,restructured-web--CulturaX-ar--Physics,0.0,0.0,0,0
ar,web,restructured-web--CulturaX-ar--Poetry,0.0,0.0,0,0
ar,web,restructured-web--CulturaX-ar--Politics,0.0,0.0,0,0
ar,web,restructured-web--CulturaX-ar--Psychology,0.0,0.0,0,0
ar,web,restructured-web--CulturaX-ar--Religion,0.0,0.0,0,0
ar,web,restructured-web--CulturaX-ar--Self Development,0.0,0.0,0,0
ar,web,restructured-web--CulturaX-ar--Sociology,0.0,0.0,0,0
ar,web,restructured-web--CulturaX-ar--Sports,0.0,0.0,0,0
ar,web,restructured-web--CulturaX-ar--Tourism,0.0,0.0,0,0
ar,web,restructured-web--CulturaX-ar--Travel,0.0,0.0,0,0
ar,web,restructured-web--arabicweb16-v3--Accounting,0.0,0.0,0,0
ar,web,restructured-web--arabicweb16-v3--Arabic Language,0.0,0.0,0,0
ar,web,restructured-web--arabicweb16-v3--Biology,0.0,0.0,0,0
ar,web,restructured-web--arabicweb16-v3--Chemistry,0.0,0.0,0,0
ar,web,restructured-web--arabicweb16-v3--Computer Science,0.0,0.0,0,0
ar,web,restructured-web--arabicweb16-v3--Economy,0.0,0.0,0,0
ar,web,restructured-web--arabicweb16-v3--Education,0.0,0.0,0,0
ar,web,restructured-web--arabicweb16-v3--Engineering,0.0,0.0,0,0
ar,web,restructured-web--arabicweb16-v3--Ethics,0.0,0.0,0,0
ar,web,restructured-web--arabicweb16-v3--Finance,0.0,0.0,0,0
ar,web,restructured-web--arabicweb16-v3--Geology,0.0,0.0,0,0
ar,web,restructured-web--arabicweb16-v3--HR,0.0,0.0,0,0
ar,web,restructured-web--arabicweb16-v3--Health and Medicine,0.0,0.0,0,0
ar,web,restructured-web--arabicweb16-v3--History,0.0,0.0,0,0
ar,web,restructured-web--arabicweb16-v3--Law,0.0,0.0,0,0
ar,web,restructured-web--arabicweb16-v3--Literature,0.0,0.0,0,0
ar,web,restructured-web--arabicweb16-v3--Management,0.0,0.0,0,0
ar,web,restructured-web--arabicweb16-v3--Marketing,0.0,0.0,0,0
ar,web,restructured-web--arabicweb16-v3--Mathematics,0.0,0.0,0,0
ar,web,restructured-web--arabicweb16-v3--Other,0.0,0.0,0,0
ar,web,restructured-web--arabicweb16-v3--Philosophy,0.0,0.0,0,0
ar,web,restructured-web--arabicweb16-v3--Physics,0.0,0.0,0,0
ar,web,restructured-web--arabicweb16-v3--Poetry,0.0,0.0,0,0
ar,web,restructured-web--arabicweb16-v3--Politics,0.0,0.0,0,0
ar,web,restructured-web--arabicweb16-v3--Psychology,0.0,0.0,0,0
ar,web,restructured-web--arabicweb16-v3--Religion,0.0,0.0,0,0
ar,web,restructured-web--arabicweb16-v3--Self Development,0.0,0.0,0,0
ar,web,restructured-web--arabicweb16-v3--Sociology,0.0,0.0,0,0
ar,web,restructured-web--arabicweb16-v3--Sports,0.0,0.0,0,0
ar,web,restructured-web--arabicweb16-v3--Tourism,0.0,0.0,0,0
ar,web,restructured-web--arabicweb16-v3--Travel,0.0,0.0,0,0
ar,web,restructured-web--arabicweb22--Accounting,0.0,0.0,0,0
ar,web,restructured-web--arabicweb22--Arabic Language,0.0,0.0,0,0
ar,web,restructured-web--arabicweb22--Biology,0.0,0.0,0,0
ar,web,restructured-web--arabicweb22--Chemistry,0.0,0.0,0,0
ar,web,restructured-web--arabicweb22--Computer Science,0.0,0.0,0,0
ar,web,restructured-web--arabicweb22--Economy,0.0,0.0,0,0
ar,web,restructured-web--arabicweb22--Education,0.0,0.0,0,0
ar,web,restructured-web--arabicweb22--Engineering,0.0,0.0,0,0
ar,web,restructured-web--arabicweb22--Ethics,0.0,0.0,0,0
ar,web,restructured-web--arabicweb22--Finance,0.0,0.0,0,0
ar,web,restructured-web--arabicweb22--Geology,0.0,0.0,0,0
ar,web,restructured-web--arabicweb22--HR,0.0,0.0,0,0
ar,web,restructured-web--arabicweb22--Health and Medicine,0.0,0.0,0,0
ar,web,restructured-web--arabicweb22--History,0.0,0.0,0,0
ar,web,restructured-web--arabicweb22--Law,0.0,0.0,0,0
ar,web,restructured-web--arabicweb22--Literature,0.0,0.0,0,0
ar,web,restructured-web--arabicweb22--Management,0.0,0.0,0,0
ar,web,restructured-web--arabicweb22--Marketing,0.0,0.0,0,0
ar,web,restructured-web--arabicweb22--Mathematics,0.0,0.0,0,0
ar,web,restructured-web--arabicweb22--Other,0.0,0.0,0,0
ar,web,restructured-web--arabicweb22--Philosophy,0.0,0.0,0,0
ar,web,restructured-web--arabicweb22--Physics,0.0,0.0,0,0
ar,web,restructured-web--arabicweb22--Poetry,0.0,0.0,0,0
ar,web,restructured-web--arabicweb22--Politics,0.0,0.0,0,0
ar,web,restructured-web--arabicweb22--Psychology,0.0,0.0,0,0
ar,web,restructured-web--arabicweb22--Religion,0.0,0.0,0,0
ar,web,restructured-web--arabicweb22--Self Development,0.0,0.0,0,0
ar,web,restructured-web--arabicweb22--Sociology,0.0,0.0,0,0
ar,web,restructured-web--arabicweb22--Sports,0.0,0.0,0,0
ar,web,restructured-web--arabicweb22--Tourism,0.0,0.0,0,0
ar,web,restructured-web--arabicweb22--Travel,0.0,0.0,0,0
ar,web,restructured-web--arabicweb24--Accounting,0.0,0.0,0,0
ar,web,restructured-web--arabicweb24--Arabic Language,0.0,0.0,0,0
ar,web,restructured-web--arabicweb24--Biology,0.0,0.0,0,0
ar,web,restructured-web--arabicweb24--Chemistry,0.0,0.0,0,0
ar,web,restructured-web--arabicweb24--Computer Science,0.0,0.0,0,0
ar,web,restructured-web--arabicweb24--Economy,0.0,0.0,0,0
ar,web,restructured-web--arabicweb24--Education,0.0,0.0,0,0
ar,web,restructured-web--arabicweb24--Engineering,0.0,0.0,0,0
ar,web,restructured-web--arabicweb24--Ethics,0.0,0.0,0,0
ar,web,restructured-web--arabicweb24--Finance,0.0,0.0,0,0
ar,web,restructured-web--arabicweb24--Geology,0.0,0.0,0,0
ar,web,restructured-web--arabicweb24--HR,0.0,0.0,0,0
ar,web,restructured-web--arabicweb24--Health and Medicine,0.0,0.0,0,0
ar,web,restructured-web--arabicweb24--History,0.0,0.0,0,0
ar,web,restructured-web--arabicweb24--Law,0.0,0.0,0,0
ar,web,restructured-web--arabicweb24--Literature,0.0,0.0,0,0
ar,web,restructured-web--arabicweb24--Management,0.0,0.0,0,0
ar,web,restructured-web--arabicweb24--Marketing,0.0,0.0,0,0
ar,web,restructured-web--arabicweb24--Mathematics,0.0,0.0,0,0
ar,web,restructured-web--arabicweb24--Other,0.0,0.0,0,0
ar,web,restructured-web--arabicweb24--Philosophy,0.0,0.0,0,0
ar,web,restructured-web--arabicweb24--Physics,0.0,0.0,0,0
ar,web,restructured-web--arabicweb24--Poetry,0.0,0.0,0,0
ar,web,restructured-web--arabicweb24--Politics,0.0,0.0,0,0
ar,web,restructured-web--arabicweb24--Psychology,0.0,0.0,0,0
ar,web,restructured-web--arabicweb24--Religion,0.0,0.0,0,0
ar,web,restructured-web--arabicweb24--Self Development,0.0,0.0,0,0
ar,web,restructured-web--arabicweb24--Sociology,0.0,0.0,0,0
ar,web,restructured-web--arabicweb24--Sports,0.0,0.0,0,0
ar,web,restructured-web--arabicweb24--Tourism,0.0,0.0,0,0
ar,web,restructured-web--arabicweb24--Travel,0.0,0.0,0,0
ar,web,restructured-web--hplt-project--Accounting,0.0,0.0,0,0
ar,web,restructured-web--hplt-project--Arabic Language,0.0,0.0,0,0
ar,web,restructured-web--hplt-project--Biology,0.0,0.0,0,0
ar,web,restructured-web--hplt-project--Chemistry,0.0,0.0,0,0
ar,web,restructured-web--hplt-project--Computer Science,0.0,0.0,0,0
ar,web,restructured-web--hplt-project--Economy,0.0,0.0,0,0
ar,web,restructured-web--hplt-project--Education,0.0,0.0,0,0
ar,web,restructured-web--hplt-project--Engineering,0.0,0.0,0,0
ar,web,restructured-web--hplt-project--Ethics,0.0,0.0,0,0
ar,web,restructured-web--hplt-project--Finance,0.0,0.0,0,0
ar,web,restructured-web--hplt-project--Geology,0.0,0.0,0,0
ar,web,restructured-web--hplt-project--HR,0.0,0.0,0,0
ar,web,restructured-web--hplt-project--Health and Medicine,0.0,0.0,0,0
ar,web,restructured-web--hplt-project--History,0.0,0.0,0,0
ar,web,restructured-web--hplt-project--Law,0.0,0.0,0,0
ar,web,restructured-web--hplt-project--Literature,0.0,0.0,0,0
ar,web,restructured-web--hplt-project--Management,0.0,0.0,0,0
ar,web,restructured-web--hplt-project--Marketing,0.0,0.0,0,0
ar,web,restructured-web--hplt-project--Mathematics,0.0,0.0,0,0
ar,web,restructured-web--hplt-project--Other,0.0,0.0,0,0
ar,web,restructured-web--hplt-project--Philosophy,0.0,0.0,0,0
ar,web,restructured-web--hplt-project--Physics,0.0,0.0,0,0
ar,web,restructured-web--hplt-project--Poetry,0.0,0.0,0,0
ar,web,restructured-web--hplt-project--Politics,0.0,0.0,0,0
ar,web,restructured-web--hplt-project--Psychology,0.0,0.0,0,0
ar,web,restructured-web--hplt-project--Religion,0.0,0.0,0,0
ar,web,restructured-web--hplt-project--Self Development,0.0,0.0,0,0
ar,web,restructured-web--hplt-project--Sociology,0.0,0.0,0,0
ar,web,restructured-web--hplt-project--Sports,0.0,0.0,0,0
ar,web,restructured-web--hplt-project--Tourism,0.0,0.0,0,0
ar,web,restructured-web--hplt-project--Travel,0.0,0.0,0,0
ar,web,restructured-web--oscar2301--Accounting,0.0,0.0,0,0
ar,web,restructured-web--oscar2301--Arabic Language,0.0,0.0,0,0
ar,web,restructured-web--oscar2301--Biology,0.0,0.0,0,0
ar,web,restructured-web--oscar2301--Chemistry,0.0,0.0,0,0
ar,web,restructured-web--oscar2301--Computer Science,0.0,0.0,0,0
ar,web,restructured-web--oscar2301--Economy,0.0,0.0,0,0
ar,web,restructured-web--oscar2301--Education,0.0,0.0,0,0
ar,web,restructured-web--oscar2301--Engineering,0.0,0.0,0,0
ar,web,restructured-web--oscar2301--Ethics,0.0,0.0,0,0
ar,web,restructured-web--oscar2301--Finance,0.0,0.0,0,0
ar,web,restructured-web--oscar2301--Geology,0.0,0.0,0,0
ar,web,restructured-web--oscar2301--HR,0.0,0.0,0,0
ar,web,restructured-web--oscar2301--Health and Medicine,0.0,0.0,0,0
ar,web,restructured-web--oscar2301--History,0.0,0.0,0,0
ar,web,restructured-web--oscar2301--Law,0.0,0.0,0,0
ar,web,restructured-web--oscar2301--Literature,0.0,0.0,0,0
ar,web,restructured-web--oscar2301--Management,0.0,0.0,0,0
ar,web,restructured-web--oscar2301--Marketing,0.0,0.0,0,0
ar,web,restructured-web--oscar2301--Mathematics,0.0,0.0,0,0
ar,web,restructured-web--oscar2301--Other,0.0,0.0,0,0
ar,web,restructured-web--oscar2301--Philosophy,0.0,0.0,0,0
ar,web,restructured-web--oscar2301--Physics,0.0,0.0,0,0
ar,web,restructured-web--oscar2301--Poetry,0.0,0.0,0,0
ar,web,restructured-web--oscar2301--Politics,0.0,0.0,0,0
ar,web,restructured-web--oscar2301--Psychology,0.0,0.0,0,0
ar,web,restructured-web--oscar2301--Religion,0.0,0.0,0,0
ar,web,restructured-web--oscar2301--Self Development,0.0,0.0,0,0
ar,web,restructured-web--oscar2301--Sociology,0.0,0.0,0,0
ar,web,restructured-web--oscar2301--Sports,0.0,0.0,0,0
ar,web,restructured-web--oscar2301--Tourism,0.0,0.0,0,0
ar,web,restructured-web--oscar2301--Travel,0.0,0.0,0,0
code,high-resource,JSON-with-Comments,0.015,0.0598,"448,801,406","657,713,117"
code,high-resource,JSON,0.0474,0.1898,"1,423,295,752","2,085,823,021,307.0"
code,high-resource,YAML,0.1139,0.4556,"3,417,244,570","200,317,249,211.0"
code,high-resource,JavaScript,0.5692,2.2767,"17,075,001,527","556,071,364,924.0"
code,high-resource,Java,0.4367,1.7467,"13,100,224,945","191,982,236,647.0"
code,high-resource,Jupyter-Notebook-Processed,1.8192,7.2769,"54,576,954,345","31,992,750,696.0"
code,priority,Python,3.3797,13.5189,"101,391,590,085","99,058,778,592.0"
code,priority,C++,4.8656,19.4622,"145,966,597,208","213,912,310,025"
code,priority,C,2.6873,10.7492,"80,619,169,985","118,146,433,593"
code,priority,Coq,0.0833,0.333,"2,497,806,735","1,830,253,013"
code,priority,Go,0.6711,2.6844,"20,133,035,014","29,504,723,067"
code,priority,Lean,0.0021,0.0085,"64,011,437","93,807,999"
code,priority,MATLAB,0.5868,2.347,"17,602,615,713","17,197,615,809.0"
code,priority,Mathematica,1.0463,4.1851,"31,388,289,578","45,999,164,601"
code,priority,Rust,0.1418,0.5673,"4,254,949,242","6,235,577,447"
code,other,WebAssembly,0.0125,0.0501,"375,758,542","550,669,670"
code,other,TeX,0.3152,1.261,"9,457,263,608","13,859,507,200"
code,other,Shell-ShellCheck-Config-ShellSession-Awk-sed-jq,0.233,0.932,"6,990,063,420","10,243,854,704"
code,other,Rust,0.1418,0.5673,"4,254,949,242","6,235,577,447"
code,other,Prolog,0.0395,0.158,"1,185,096,393","1,736,744,652"
code,other,PowerShell,0.0344,0.1375,"1,031,296,886","1,511,353,306"
code,other,OpenCL,0.0059,0.0235,"176,615,657","258,828,143"
code,other,Objective-C,0.0554,0.2214,"1,660,582,639","2,433,564,084"
code,other,Objective-C++,0.0452,0.1806,"1,354,775,594","1,985,407,501"
code,other,LLVM,0.1057,0.4226,"3,169,870,467","4,645,407,423"
code,other,Glyph-Bitmap-Distribution-Format-Glyph,0.0314,0.1255,"941,252,355","1,379,394,119"
code,other,Fortran,0.0441,0.1764,"1,323,068,339","1,938,940,897"
code,other,Cython-FreeBasic-GDB-Git-Attributes-Git-Config-Git-Revision-List-Go-Module-OpenCL-Q-Sharp-jq-sed-NumPy,0.139,0.5561,"4,170,399,122","3,055,835,126"
code,other,BibTeX,0.1126,0.4503,"3,377,228,830","4,949,288,635"
code,other,C-Sharp,0.0692,0.2768,"2,076,346,370","3,042,860,881"
code,other,Cuda,0.0163,0.0651,"487,958,696","715,097,659"
code,other,CMake,0.0209,0.0837,"628,049,797","920,399,500"
code,other,Markdown,6.2054,24.8217,"186,162,994,195","136,409,825,572"
code,other,RMarkdown,0.1499,0.5995,"4,495,978,641","3,294,401,580"
code,other,SQL,0.5344,2.1374,"16,030,755,132","180,714,467,331.0"
code,other,Dockerfile,0.0011,0.0043,"32,316,659","473,596,799.0"
code,other,HTML+PHP,0.0015,0.0061,"45,770,049","670,754,623.0"
code,other,PHP,0.2077,0.8308,"6,231,056,134","91,315,385,675.0"
code,other,PLSQL,0.1507,0.6026,"4,519,718,142","6,623,593,117"
code,other,SPARQL,0.0039,0.0155,"116,196,673","170,284,841"
en,web,dclm-baseline-1,29.11,64.6889,"873,299,646,987","4,166,235,823,469.0"
en,education,fineweb-sample-100bt,1.8945,4.2099,"56,833,842,454","108,454,499,533"
en,books,github-books-maruf-crawl-enfiltered,0.3342,0.7426,"10,025,243,677","6,376,968,010"
en,books,Pile-books2-books3-pgtbrg,1.8194,4.043,"54,580,551,405","52,077,302,279"
en,books,textbooks-medrag-medilora-sciphi-sciriff-python-chem,0.0345,0.0766,"1,034,625,990","987,174,535"
en,books,maruf-scrape,0.4519,1.0042,"13,556,496,999","8,623,166,725"
en,books,nampdn-ai-tiny-strange-textbooks,0.137,0.3045,"4,110,694,690","3,922,164,296"
en,books,Medilora-us-medical-license-exam-textbooks-en,0.0012,0.0027,"35,855,393","22,807,296"
en,wiki,wikipedia-0624,0.3587,0.797,"10,759,931,817","5,133,222,433"
en,math,Pile-DM-Mathematics,0.3309,0.7353,"9,927,051,083","9,471,762,866"
en,math,MathPile-arxiv,0.3266,0.7257,"9,796,919,090","9,347,599,167"
en,math,MathPile-commoncrawl,0.0249,0.0553,"746,611,360","712,369,232"
en,math,MathPile-mixed,0.3619,0.8042,"10,856,145,585","10,358,245,944"
en,math,MathPile-textbooks,0.0076,0.0169,"227,821,249","217,372,595"
en,math,MathPile-wiki-proofwiki-mixed,0.0028,0.0063,"84,793,885","80,904,950"
en,math,openwebmath,0.4611,1.0246,"13,831,680,378","13,197,312,624"
en,scientific,dolma-peS2o,1.1412,2.536,"34,236,202,140","65,332,027,692"
en,QA,Pile-StackExchange,0.368,0.8177,"11,039,132,050","21,065,680,059"
en,QA,SlimPajamaStackExchange,0.4073,0.9051,"12,218,372,116","23,315,992,297"
en,law,Pile-FreeLaw,0.3764,0.8364,"11,291,713,843","21,547,675,130"
en,conversational,Pile-OpenSubtitles,0.1035,0.2299,"3,103,945,080","5,923,175,273"
en,conversational,Pile-OpenWebText2,0.5827,1.2948,"17,480,174,729","33,356,949,311"
en,conversational,Pile-enron-hn-nexpt-phil-ubuntu-yt-ep,0.0689,0.1531,"2,066,441,344","3,943,334,677"
en,code,code-search-net,0.0102,0.0226,"305,572,330","583,115,494"
en,code,github-maruf-crawl,2.4885,5.5301,"74,656,149,442","47,488,110,219"
en,sft,Buzz-V1.2sys,0.2431,0.5401,"7,291,586,049","13,914,338,395"
en,sft,Infinity-Instruct,0.042,0.0933,"1,260,153,635","2,404,717,436"
en,sft,OpenMathInstruct1-MetaMathQA-PawanKrd-math,0.0152,0.0338,"456,500,208","871,127,123"
en,sft,xP3x-pretrain,0.5139,1.1419,"15,416,111,725","294,181,531,800.0"
en,sft,flan-v2-cot,0.0012,0.0028,"37,475,571","71,513,630"
en,sft,flan-v2-dialog,0.4654,1.0341,"13,960,973,707","26,641,352,252"
en,sft,flan-v2-flan-orig,0.7288,1.6197,"21,865,313,173","41,724,991,580"
en,sft,flan-v2-niv,0.175,0.3889,"5,249,913,905","10,018,270,114"
en,sft,flan-v2-t0,0.6788,1.5085,"20,364,332,171","38,860,709,728"
en,sft,math-ai-AutoMathText-arxiv-full,0.5736,1.2746,"17,207,732,149","32,837,054,440"
en,sft,math-ai-AutoMathText-code-full,0.1671,0.3714,"5,014,449,962","9,568,940,576"
en,sft,math-ai-AutoMathText-web-full,0.1735,0.3855,"5,204,648,465","9,931,891,286"
en,sft,aya-dataset,0.0031,0.007,"94,206,857","179,772,424"
en,sft,WebInstructSub,0.0157,0.0349,"470,986,968","898,771,818"
